{"cameraMode":{"drawMode":0,"name":"Shaded","section":"Shading Mode"},"sceneLighting":false,"audioPlay":false,"sceneViewState":{"showFog":true,"showMaterialUpdate":false,"showSkybox":true,"showFlares":true,"showImageEffects":true,"showParticleSystems":true},"in2DMode":false,"pivot":{"x":-108.35597229003906,"y":-17.781225204467775,"z":-47.36433410644531},"rotation":{"x":-0.11423467844724655,"y":0.7839120030403137,"z":-0.1513952612876892,"w":-0.5912408828735352},"size":29.34366226196289,"orthographic":false}