{"cameraMode":{"drawMode":0,"name":"Shaded","section":"Shading Mode"},"sceneLighting":true,"audioPlay":false,"sceneViewState":{"showFog":true,"showMaterialUpdate":false,"showSkybox":true,"showFlares":true,"showImageEffects":true,"showParticleSystems":true},"in2DMode":false,"pivot":{"x":-79.86009216308594,"y":-12.941570281982422,"z":-3.999990463256836},"rotation":{"x":-0.3626120388507843,"y":-0.2226647138595581,"z":0.08966262638568878,"w":-0.900512158870697},"size":25.002296447753908,"orthographic":false}