{"cameraMode":{"drawMode":0,"name":"Shaded","section":"Shading Mode"},"sceneLighting":false,"audioPlay":false,"sceneViewState":{"showFog":true,"showMaterialUpdate":false,"showSkybox":false,"showFlares":true,"showImageEffects":true,"showParticleSystems":true},"in2DMode":false,"pivot":{"x":11.020844459533692,"y":1.3503952026367188,"z":-0.887446403503418},"rotation":{"x":-0.4912012219429016,"y":-0.08890140801668167,"z":0.04982871189713478,"w":-0.865239143371582},"size":9.58834457397461,"orthographic":false}