{"cameraMode":{"drawMode":0,"name":"Shaded","section":"Shading Mode"},"sceneLighting":true,"audioPlay":false,"sceneViewState":{"showFog":true,"showMaterialUpdate":false,"showSkybox":true,"showFlares":true,"showImageEffects":true,"showParticleSystems":true},"in2DMode":false,"pivot":{"x":32.665157318115237,"y":20.72823143005371,"z":-34.53240966796875},"rotation":{"x":0.28661155700683596,"y":-0.21635085344314576,"z":0.06727238744497299,"w":0.9310406446456909},"size":36.43119812011719,"orthographic":false}