{"cameraMode":{"drawMode":0,"name":"Shaded","section":"Shading Mode"},"sceneLighting":false,"audioPlay":false,"sceneViewState":{"showFog":true,"showMaterialUpdate":false,"showSkybox":false,"showFlares":true,"showImageEffects":true,"showParticleSystems":true},"in2DMode":false,"pivot":{"x":-0.06874465942382813,"y":8.046798706054688,"z":3.2915000915527345},"rotation":{"x":-0.43072181940078738,"y":0.21227894723415376,"z":-0.10500138998031616,"w":-0.870874285697937},"size":10.79822826385498,"orthographic":false}