{"cameraMode":{"drawMode":0,"name":"Shaded","section":"Shading Mode"},"sceneLighting":true,"audioPlay":false,"sceneViewState":{"showFog":true,"showMaterialUpdate":false,"showSkybox":true,"showFlares":true,"showImageEffects":true,"showParticleSystems":true},"in2DMode":false,"pivot":{"x":-82.12190246582031,"y":-11.93598461151123,"z":-22.354827880859376},"rotation":{"x":-0.14089053869247437,"y":0.8560301661491394,"z":-0.38878071308135989,"w":-0.31025129556655886},"size":25.39661979675293,"orthographic":false}