{"cameraMode":{"drawMode":0,"name":"Shaded","section":"Shading Mode"},"sceneLighting":false,"audioPlay":false,"sceneViewState":{"showFog":true,"showMaterialUpdate":false,"showSkybox":false,"showFlares":true,"showImageEffects":true,"showParticleSystems":true},"in2DMode":false,"pivot":{"x":-84.92426300048828,"y":4.5819091796875,"z":-17.02784538269043},"rotation":{"x":0.2415558248758316,"y":-0.5874574780464172,"z":0.18990282714366914,"w":0.7488165497779846},"size":2.556408643722534,"orthographic":false}