{"cameraMode":{"drawMode":0,"name":"Shaded","section":"Shading Mode"},"sceneLighting":false,"audioPlay":false,"sceneViewState":{"showFog":true,"showMaterialUpdate":false,"showSkybox":false,"showFlares":true,"showImageEffects":true,"showParticleSystems":true},"in2DMode":false,"pivot":{"x":-83.97899627685547,"y":4.005729675292969,"z":-15.259868621826172},"rotation":{"x":-0.11287116259336472,"y":-0.874685525894165,"z":0.24519196152687074,"w":-0.4026218354701996},"size":2.556408643722534,"orthographic":false}