{"cameraMode":{"drawMode":0,"name":"Shaded","section":"Shading Mode"},"sceneLighting":true,"audioPlay":false,"sceneViewState":{"showFog":true,"showMaterialUpdate":false,"showSkybox":true,"showFlares":true,"showImageEffects":true,"showParticleSystems":true},"in2DMode":false,"pivot":{"x":-102.72016906738281,"y":0.8854366540908814,"z":-4.090605735778809},"rotation":{"x":-0.13151517510414124,"y":0.528562605381012,"z":-0.0833003893494606,"w":-0.8345229625701904},"size":32.698490142822269,"orthographic":false}