{"cameraMode":{"drawMode":0,"name":"Shaded","section":"Shading Mode"},"sceneLighting":true,"audioPlay":false,"sceneViewState":{"showFog":true,"showMaterialUpdate":false,"showSkybox":true,"showFlares":true,"showImageEffects":true,"showParticleSystems":true},"in2DMode":false,"pivot":{"x":-54.24802017211914,"y":3.0593700408935549,"z":6.290627479553223},"rotation":{"x":-0.2462603598833084,"y":0.06013903766870499,"z":-0.015311126597225666,"w":-0.9672195911407471},"size":12.117053031921387,"orthographic":false}