{"cameraMode":{"drawMode":0,"name":"Shaded","section":"Shading Mode"},"sceneLighting":false,"audioPlay":false,"sceneViewState":{"showFog":true,"showMaterialUpdate":false,"showSkybox":false,"showFlares":true,"showImageEffects":true,"showParticleSystems":true},"in2DMode":false,"pivot":{"x":0.8969402313232422,"y":3.541384220123291,"z":0.9437335729598999},"rotation":{"x":0.09949593245983124,"y":0.5910911560058594,"z":0.07379365712404251,"w":-0.7970624566078186},"size":3.600860595703125,"orthographic":false}