{"cameraMode":{"drawMode":0,"name":"Shaded","section":"Shading Mode"},"sceneLighting":true,"audioPlay":false,"sceneViewState":{"showFog":true,"showMaterialUpdate":false,"showSkybox":true,"showFlares":true,"showImageEffects":true,"showParticleSystems":true},"in2DMode":false,"pivot":{"x":119.13069152832031,"y":149.03549194335938,"z":0.0},"rotation":{"x":-0.21378600597381593,"y":0.28301966190338137,"z":-0.06486858427524567,"w":-0.932746946811676},"size":19.11569595336914,"orthographic":false}