{"cameraMode":{"drawMode":0,"name":"Shaded","section":"Shading Mode"},"sceneLighting":false,"audioPlay":false,"sceneViewState":{"showFog":true,"showMaterialUpdate":false,"showSkybox":true,"showFlares":true,"showImageEffects":true,"showParticleSystems":true},"in2DMode":false,"pivot":{"x":157.2412109375,"y":116.05366516113281,"z":-13.439187049865723},"rotation":{"x":-0.034146226942539218,"y":0.048262860625982288,"z":0.0016591110033914447,"w":0.9983057379722595},"size":130.1087646484375,"orthographic":false}