{"cameraMode":{"drawMode":0,"name":"Shaded","section":"Shading Mode"},"sceneLighting":false,"audioPlay":false,"sceneViewState":{"showFog":true,"showMaterialUpdate":false,"showSkybox":true,"showFlares":true,"showImageEffects":true,"showParticleSystems":true},"in2DMode":false,"pivot":{"x":24.36767578125,"y":-17.646751403808595,"z":76.9775161743164},"rotation":{"x":-0.16743621230125428,"y":0.032819610089063647,"z":-0.005524125415831804,"w":-0.9853919744491577},"size":60.04624557495117,"orthographic":false}