{"cameraMode":{"drawMode":0,"name":"Shaded","section":"Shading Mode"},"sceneLighting":false,"audioPlay":false,"sceneViewState":{"showFog":true,"showMaterialUpdate":false,"showSkybox":true,"showFlares":true,"showImageEffects":true,"showParticleSystems":true},"in2DMode":false,"pivot":{"x":-77.92965698242188,"y":3.1241817474365236,"z":-5.083446025848389},"rotation":{"x":-0.01175940316170454,"y":0.9861999750137329,"z":-0.14482469856739045,"w":-0.08006883412599564},"size":8.005181312561036,"orthographic":false}