{"cameraMode":{"drawMode":0,"name":"Shaded","section":"Shading Mode"},"sceneLighting":false,"audioPlay":false,"sceneViewState":{"showFog":true,"showMaterialUpdate":false,"showSkybox":false,"showFlares":true,"showImageEffects":true,"showParticleSystems":true},"in2DMode":false,"pivot":{"x":-80.56909942626953,"y":3.309999942779541,"z":-4.900000095367432},"rotation":{"x":-0.01175940316170454,"y":0.9861999750137329,"z":-0.14482469856739045,"w":-0.08006883412599564},"size":1.6812151670455933,"orthographic":false}