{"cameraMode":{"drawMode":0,"name":"Shaded","section":"Shading Mode"},"sceneLighting":false,"audioPlay":false,"sceneViewState":{"showFog":true,"showMaterialUpdate":false,"showSkybox":false,"showFlares":true,"showImageEffects":true,"showParticleSystems":true},"in2DMode":false,"pivot":{"x":150.682373046875,"y":93.78028869628906,"z":95.7021484375},"rotation":{"x":0.09462220966815949,"y":0.031656019389629367,"z":-0.0030583927873522045,"w":0.9950569272041321},"size":139.66212463378907,"orthographic":false}