{"cameraMode":{"drawMode":0,"name":"Shaded","section":"Shading Mode"},"sceneLighting":true,"audioPlay":false,"sceneViewState":{"showFog":true,"showMaterialUpdate":false,"showSkybox":true,"showFlares":true,"showImageEffects":true,"showParticleSystems":true},"in2DMode":false,"pivot":{"x":1.996890664100647,"y":3.5728492736816408,"z":3.2653441429138185},"rotation":{"x":-0.3894057869911194,"y":-0.05742065981030464,"z":0.02433060295879841,"w":-0.9189562797546387},"size":7.2363600730896,"orthographic":false}