{"cameraMode":{"drawMode":0,"name":"Shaded","section":"Shading Mode"},"sceneLighting":false,"audioPlay":false,"sceneViewState":{"showFog":true,"showMaterialUpdate":false,"showSkybox":true,"showFlares":true,"showImageEffects":true,"showParticleSystems":true},"in2DMode":false,"pivot":{"x":-80.56909942626953,"y":-14.239044189453125,"z":-29.824016571044923},"rotation":{"x":0.0038281187880784275,"y":0.9578292369842529,"z":-0.28719496726989748,"w":0.012935295701026917},"size":574.702880859375,"orthographic":false}