{"cameraMode":{"drawMode":0,"name":"Shaded","section":"Shading Mode"},"sceneLighting":true,"audioPlay":false,"sceneViewState":{"showFog":true,"showMaterialUpdate":false,"showSkybox":true,"showFlares":true,"showImageEffects":true,"showParticleSystems":true},"in2DMode":false,"pivot":{"x":5.929734706878662,"y":-10.99549388885498,"z":11.46986198425293},"rotation":{"x":0.40331950783729555,"y":0.156882643699646,"z":-0.07039774954319,"w":0.8987715840339661},"size":15.293156623840332,"orthographic":false}