{"cameraMode":{"drawMode":0,"name":"Shaded","section":"Shading Mode"},"sceneLighting":true,"audioPlay":false,"sceneViewState":{"showFog":true,"showMaterialUpdate":false,"showSkybox":true,"showFlares":true,"showImageEffects":true,"showParticleSystems":true},"in2DMode":false,"pivot":{"x":-17.55072021484375,"y":-30.044300079345704,"z":37.38570785522461},"rotation":{"x":-0.29397740960121157,"y":0.3257595896720886,"z":-0.10734285414218903,"w":-0.8921541571617127},"size":53.749290466308597,"orthographic":false}