{"cameraMode":{"drawMode":0,"name":"Shaded","section":"Shading Mode"},"sceneLighting":false,"audioPlay":false,"sceneViewState":{"showFog":true,"showMaterialUpdate":false,"showSkybox":true,"showFlares":true,"showImageEffects":true,"showParticleSystems":true},"in2DMode":false,"pivot":{"x":28.56165885925293,"y":-4.8628692626953129,"z":2.267271041870117},"rotation":{"x":-0.2959232032299042,"y":0.45718914270401,"z":-0.16437773406505586,"w":-0.8225173950195313},"size":14.860950469970704,"orthographic":false}