{"cameraMode":{"drawMode":0,"name":"Shaded","section":"Shading Mode"},"sceneLighting":false,"audioPlay":false,"sceneViewState":{"showFog":true,"showMaterialUpdate":false,"showSkybox":false,"showFlares":true,"showImageEffects":true,"showParticleSystems":true},"in2DMode":false,"pivot":{"x":2.470001220703125,"y":6.999999523162842,"z":50.0},"rotation":{"x":0.2696745991706848,"y":-0.25855740904808047,"z":0.07541389763355255,"w":0.9245458245277405},"size":50.034297943115237,"orthographic":false}