{"cameraMode":{"drawMode":0,"name":"Shaded","section":"Shading Mode"},"sceneLighting":false,"audioPlay":false,"sceneViewState":{"showFog":true,"showMaterialUpdate":false,"showSkybox":true,"showFlares":true,"showImageEffects":true,"showParticleSystems":true},"in2DMode":false,"pivot":{"x":6.672760963439941,"y":-22.703413009643556,"z":-29.300003051757814},"rotation":{"x":-0.042527083307504657,"y":0.9517748951911926,"z":-0.26217857003211977,"w":-0.1540737748146057},"size":28.604734420776368,"orthographic":false}