{"cameraMode":{"drawMode":0,"name":"Shaded","section":"Shading Mode"},"sceneLighting":false,"audioPlay":false,"sceneViewState":{"showFog":true,"showMaterialUpdate":false,"showSkybox":true,"showFlares":true,"showImageEffects":true,"showParticleSystems":true},"in2DMode":false,"pivot":{"x":32.14707946777344,"y":-10.420263290405274,"z":1.047018051147461},"rotation":{"x":-0.4486424922943115,"y":0.21235741674900056,"z":-0.11064115166664124,"w":-0.8611131906509399},"size":20.22369956970215,"orthographic":false}