{"cameraMode":{"drawMode":0,"name":"Shaded","section":"Shading Mode"},"sceneLighting":false,"audioPlay":false,"sceneViewState":{"showFog":true,"showMaterialUpdate":false,"showSkybox":false,"showFlares":true,"showImageEffects":true,"showParticleSystems":true},"in2DMode":false,"pivot":{"x":172.65762329101563,"y":302.85009765625,"z":101.31512451171875},"rotation":{"x":0.057276442646980289,"y":0.01078695897012949,"z":-0.0006670175353065133,"w":0.9983516931533814},"size":263.63787841796877,"orthographic":false}