{"cameraMode":{"drawMode":0,"name":"Shaded","section":"Shading Mode"},"sceneLighting":false,"audioPlay":false,"sceneViewState":{"showFog":true,"showMaterialUpdate":false,"showSkybox":true,"showFlares":true,"showImageEffects":true,"showParticleSystems":true},"in2DMode":false,"pivot":{"x":53.84568405151367,"y":1.7265658378601075,"z":-10.1827974319458},"rotation":{"x":-0.3011993169784546,"y":0.3416632413864136,"z":-0.11648628860712052,"w":-0.8826790452003479},"size":6.307395935058594,"orthographic":false}