{"cameraMode":{"drawMode":0,"name":"Shaded","section":"Shading Mode"},"sceneLighting":false,"audioPlay":false,"sceneViewState":{"showFog":true,"showMaterialUpdate":false,"showSkybox":true,"showFlares":true,"showImageEffects":true,"showParticleSystems":true},"in2DMode":false,"pivot":{"x":-77.63999938964844,"y":3.309999942779541,"z":-4.900000095367432},"rotation":{"x":-0.2959232032299042,"y":0.45718914270401,"z":-0.16437773406505586,"w":-0.8225173950195313},"size":12.8892183303833,"orthographic":false}