{"cameraMode":{"drawMode":0,"name":"Shaded","section":"Shading Mode"},"sceneLighting":false,"audioPlay":false,"sceneViewState":{"showFog":true,"showMaterialUpdate":false,"showSkybox":false,"showFlares":true,"showImageEffects":true,"showParticleSystems":true},"in2DMode":false,"pivot":{"x":14.28332805633545,"y":2.1689999103546144,"z":-3.075000047683716},"rotation":{"x":0.04595264047384262,"y":0.9502390027046204,"z":-0.2571820616722107,"w":0.16997355222702027},"size":0.21650634706020356,"orthographic":false}