{"cameraMode":{"drawMode":0,"name":"Shaded","section":"Shading Mode"},"sceneLighting":true,"audioPlay":false,"sceneViewState":{"showFog":true,"showMaterialUpdate":false,"showSkybox":true,"showFlares":true,"showImageEffects":true,"showParticleSystems":true},"in2DMode":false,"pivot":{"x":-74.71382141113281,"y":4.773493766784668,"z":-23.546424865722658},"rotation":{"x":-0.027471724897623063,"y":0.9720504283905029,"z":-0.14871183037757874,"w":-0.1795959621667862},"size":22.830381393432618,"orthographic":false}