{"cameraMode":{"drawMode":0,"name":"Shaded","section":"Shading Mode"},"sceneLighting":true,"audioPlay":false,"sceneViewState":{"showFog":true,"showMaterialUpdate":false,"showSkybox":true,"showFlares":true,"showImageEffects":true,"showParticleSystems":true},"in2DMode":false,"pivot":{"x":164.73655700683595,"y":157.843017578125,"z":51.871456146240237},"rotation":{"x":0.3314151167869568,"y":-0.4891524314880371,"z":0.20796504616737367,"w":0.7795197367668152},"size":11.476593017578125,"orthographic":false}