{"cameraMode":{"drawMode":0,"name":"Shaded","section":"Shading Mode"},"sceneLighting":false,"audioPlay":false,"sceneViewState":{"showFog":true,"showMaterialUpdate":false,"showSkybox":false,"showFlares":true,"showImageEffects":true,"showParticleSystems":true},"in2DMode":false,"pivot":{"x":-60.21479797363281,"y":10.407808303833008,"z":-13.255316734313965},"rotation":{"x":0.5478546619415283,"y":0.10748487710952759,"z":-0.07124163955450058,"w":0.8265954852104187},"size":64.01858520507813,"orthographic":false}