{"cameraMode":{"drawMode":0,"name":"Shaded","section":"Shading Mode"},"sceneLighting":true,"audioPlay":false,"sceneViewState":{"showFog":true,"showMaterialUpdate":false,"showSkybox":true,"showFlares":true,"showImageEffects":true,"showParticleSystems":true},"in2DMode":false,"pivot":{"x":-66.11348724365235,"y":12.28272819519043,"z":23.015344619750978},"rotation":{"x":-0.006621712353080511,"y":0.9867866635322571,"z":-0.04177551716566086,"w":-0.15641243755817414},"size":10.0,"orthographic":false}