{"cameraMode":{"drawMode":0,"name":"Shaded","section":"Shading Mode"},"sceneLighting":true,"audioPlay":false,"sceneViewState":{"showFog":true,"showMaterialUpdate":false,"showSkybox":true,"showFlares":true,"showImageEffects":true,"showParticleSystems":true},"in2DMode":false,"pivot":{"x":2.4653046131134035,"y":-56.87944412231445,"z":265.4744567871094},"rotation":{"x":-0.33901113271713259,"y":0.28893914818763735,"z":-0.1102425754070282,"w":-0.8885097503662109},"size":60.30218505859375,"orthographic":false}