{"cameraMode":{"drawMode":0,"name":"Shaded","section":"Shading Mode"},"sceneLighting":true,"audioPlay":false,"sceneViewState":{"showFog":true,"showMaterialUpdate":false,"showSkybox":true,"showFlares":true,"showImageEffects":true,"showParticleSystems":true},"in2DMode":false,"pivot":{"x":-6.173251628875732,"y":-0.6056353449821472,"z":-152.868408203125},"rotation":{"x":0.18175742030143739,"y":-0.7641072869300842,"z":0.24713091552257539,"w":0.5675853490829468},"size":13.223776817321778,"orthographic":false}