{"cameraMode":{"drawMode":0,"name":"Shaded","section":"Shading Mode"},"sceneLighting":false,"audioPlay":false,"sceneViewState":{"showFog":true,"showMaterialUpdate":false,"showSkybox":false,"showFlares":true,"showImageEffects":true,"showParticleSystems":true},"in2DMode":false,"pivot":{"x":-0.8899999856948853,"y":0.8100000023841858,"z":-0.11999999731779099},"rotation":{"x":0.018690085038542749,"y":-0.9798616766929627,"z":0.14807020127773286,"w":0.13359548151493073},"size":3.1514713764190676,"orthographic":false}