{"cameraMode":{"drawMode":0,"name":"Shaded","section":"Shading Mode"},"sceneLighting":false,"audioPlay":false,"sceneViewState":{"showFog":true,"showMaterialUpdate":false,"showSkybox":false,"showFlares":true,"showImageEffects":true,"showParticleSystems":true},"in2DMode":false,"pivot":{"x":1.2409414052963257,"y":0.9213876128196716,"z":-0.39158594608306887},"rotation":{"x":0.008250562474131585,"y":0.9897774457931519,"z":-0.06423705816268921,"w":0.1271878480911255},"size":2.6392345428466799,"orthographic":false}