{"cameraMode":{"drawMode":0,"name":"Shaded","section":"Shading Mode"},"sceneLighting":true,"audioPlay":false,"sceneViewState":{"showFog":true,"showMaterialUpdate":false,"showSkybox":true,"showFlares":true,"showImageEffects":true,"showParticleSystems":true},"in2DMode":false,"pivot":{"x":199.94944763183595,"y":266.6805114746094,"z":-2.406402587890625},"rotation":{"x":0.061447352170944217,"y":0.023055357858538629,"z":-0.0014271968975663186,"w":0.9978623390197754},"size":160.2815399169922,"orthographic":false}