{"cameraMode":{"drawMode":0,"name":"Shaded","section":"Shading Mode"},"sceneLighting":true,"audioPlay":false,"sceneViewState":{"showFog":true,"showMaterialUpdate":false,"showSkybox":true,"showFlares":true,"showImageEffects":true,"showParticleSystems":true},"in2DMode":false,"pivot":{"x":202.31069946289063,"y":221.05459594726563,"z":23.08587646484375},"rotation":{"x":0.056768301874399188,"y":0.03898691013455391,"z":-0.0007761571323499084,"w":0.9977508783340454},"size":191.20018005371095,"orthographic":false}