{"cameraMode":{"drawMode":0,"name":"Shaded","section":"Shading Mode"},"sceneLighting":true,"audioPlay":false,"sceneViewState":{"showFog":true,"showMaterialUpdate":false,"showSkybox":true,"showFlares":true,"showImageEffects":true,"showParticleSystems":true},"in2DMode":false,"pivot":{"x":0.05696593597531319,"y":13.545120239257813,"z":-103.89214324951172},"rotation":{"x":0.32355067133903506,"y":0.046144384890794757,"z":-0.014333912171423436,"w":0.9450808763504028},"size":4.667572021484375,"orthographic":false}