{"cameraMode":{"drawMode":0,"name":"Shaded","section":"Shading Mode"},"sceneLighting":false,"audioPlay":false,"sceneViewState":{"showFog":true,"showMaterialUpdate":false,"showSkybox":false,"showFlares":true,"showImageEffects":true,"showParticleSystems":true},"in2DMode":false,"pivot":{"x":3.4735593795776369,"y":2.172628879547119,"z":98.31999206542969},"rotation":{"x":0.05628382787108421,"y":0.4009641706943512,"z":-0.02469046227633953,"w":0.9140303730964661},"size":20.103960037231447,"orthographic":true}