{"cameraMode":{"drawMode":0,"name":"Shaded","section":"Shading Mode"},"sceneLighting":true,"audioPlay":false,"sceneViewState":{"showFog":true,"showMaterialUpdate":false,"showSkybox":true,"showFlares":true,"showImageEffects":true,"showParticleSystems":true},"in2DMode":false,"pivot":{"x":-73.08486938476563,"y":2.1597023010253908,"z":6.9623260498046879},"rotation":{"x":0.18205341696739198,"y":-0.3204883635044098,"z":0.06287387013435364,"w":0.9274991154670715},"size":12.272008895874024,"orthographic":false}