{"cameraMode":{"drawMode":0,"name":"Shaded","section":"Shading Mode"},"sceneLighting":true,"audioPlay":false,"sceneViewState":{"showFog":true,"showMaterialUpdate":false,"showSkybox":true,"showFlares":true,"showImageEffects":true,"showParticleSystems":true},"in2DMode":false,"pivot":{"x":-53.079288482666019,"y":3.3994140625,"z":-65.55303955078125},"rotation":{"x":-0.15039993822574616,"y":0.7470362782478333,"z":-0.1806865930557251,"w":-0.6218507289886475},"size":63.39836120605469,"orthographic":false}