{"cameraMode":{"drawMode":0,"name":"Shaded","section":"Shading Mode"},"sceneLighting":true,"audioPlay":false,"sceneViewState":{"showFog":true,"showMaterialUpdate":true,"showSkybox":true,"showFlares":true,"showImageEffects":true,"showParticleSystems":true},"in2DMode":false,"pivot":{"x":24.55150032043457,"y":25.69406509399414,"z":5.10565710067749},"rotation":{"x":-0.24493636190891267,"y":0.6394790410995483,"z":-0.22624269127845765,"w":-0.6927580833435059},"size":0.6728506684303284,"orthographic":false}