{"cameraMode":{"drawMode":0,"name":"Shaded","section":"Shading Mode"},"sceneLighting":false,"audioPlay":false,"sceneViewState":{"showFog":true,"showMaterialUpdate":false,"showSkybox":false,"showFlares":true,"showImageEffects":true,"showParticleSystems":true},"in2DMode":false,"pivot":{"x":49.98808670043945,"y":23.54825210571289,"z":199.32119750976563},"rotation":{"x":0.326026052236557,"y":-0.20422694087028504,"z":0.07235775142908097,"w":0.9201987981796265},"size":14.02335262298584,"orthographic":true}