{"cameraMode":{"drawMode":0,"name":"Shaded","section":"Shading Mode"},"sceneLighting":true,"audioPlay":false,"sceneViewState":{"showFog":true,"showMaterialUpdate":false,"showSkybox":true,"showFlares":true,"showImageEffects":true,"showParticleSystems":true},"in2DMode":false,"pivot":{"x":0.2364644706249237,"y":10.439390182495118,"z":-123.44236755371094},"rotation":{"x":-0.134696826338768,"y":-0.05468147248029709,"z":0.007447883952409029,"w":-0.9893811941146851},"size":4.6168532371521,"orthographic":false}