{"cameraMode":{"drawMode":0,"name":"Shaded","section":"Shading Mode"},"sceneLighting":true,"audioPlay":false,"sceneViewState":{"showFog":true,"showMaterialUpdate":false,"showSkybox":true,"showFlares":true,"showImageEffects":true,"showParticleSystems":true},"in2DMode":false,"pivot":{"x":-5.960172653198242,"y":-3.9306812286376955,"z":-51.1314697265625},"rotation":{"x":-0.297525018453598,"y":0.48243728280067446,"z":-0.17847691476345063,"w":-0.804314374923706},"size":8.552000045776368,"orthographic":false}