{"cameraMode":{"drawMode":0,"name":"Shaded","section":"Shading Mode"},"sceneLighting":false,"audioPlay":false,"sceneViewState":{"showFog":true,"showMaterialUpdate":false,"showSkybox":true,"showFlares":true,"showImageEffects":true,"showParticleSystems":true},"in2DMode":false,"pivot":{"x":-63.502769470214847,"y":-7.065694808959961,"z":-2.558015823364258},"rotation":{"x":0.13451984524726869,"y":-0.829410195350647,"z":0.2301224321126938,"w":0.4912034571170807},"size":17.38819122314453,"orthographic":false}