{"cameraMode":{"drawMode":0,"name":"Shaded","section":"Shading Mode"},"sceneLighting":true,"audioPlay":false,"sceneViewState":{"showFog":true,"showMaterialUpdate":false,"showSkybox":true,"showFlares":true,"showImageEffects":true,"showParticleSystems":true},"in2DMode":false,"pivot":{"x":96.5761489868164,"y":-121.15708923339844,"z":-70.90559387207031},"rotation":{"x":0.16338828206062318,"y":0.8362005949020386,"z":-0.3843185007572174,"w":0.3554997444152832},"size":83.25175476074219,"orthographic":false}