{"cameraMode":{"drawMode":0,"name":"Shaded","section":"Shading Mode"},"sceneLighting":false,"audioPlay":false,"sceneViewState":{"showFog":true,"showMaterialUpdate":false,"showSkybox":false,"showFlares":true,"showImageEffects":true,"showParticleSystems":true},"in2DMode":false,"pivot":{"x":314.8551025390625,"y":502.5274353027344,"z":-4.475494384765625},"rotation":{"x":0.00480923755094409,"y":0.0003104042843915522,"z":-0.000001936824446602259,"w":0.9999905824661255},"size":115.49437713623047,"orthographic":false}