{"cameraMode":{"drawMode":0,"name":"Shaded","section":"Shading Mode"},"sceneLighting":false,"audioPlay":false,"sceneViewState":{"showFog":true,"showMaterialUpdate":false,"showSkybox":false,"showFlares":true,"showImageEffects":true,"showParticleSystems":true},"in2DMode":false,"pivot":{"x":47.671226501464847,"y":27.628889083862306,"z":190.74839782714845},"rotation":{"x":0.26321661472320559,"y":-0.28271546959877016,"z":0.08099003881216049,"w":0.918822169303894},"size":2.015897035598755,"orthographic":true}