{"cameraMode":{"drawMode":0,"name":"Shaded","section":"Shading Mode"},"sceneLighting":true,"audioPlay":false,"sceneViewState":{"showFog":true,"showMaterialUpdate":false,"showSkybox":true,"showFlares":true,"showImageEffects":true,"showParticleSystems":true},"in2DMode":false,"pivot":{"x":16.299999237060548,"y":1.5299999713897706,"z":9.130000114440918},"rotation":{"x":-0.32331568002700808,"y":0.3116033971309662,"z":-0.11369560658931732,"w":-0.8862724304199219},"size":4.200016498565674,"orthographic":false}