{"cameraMode":{"drawMode":0,"name":"Shaded","section":"Shading Mode"},"sceneLighting":true,"audioPlay":false,"sceneViewState":{"showFog":true,"showMaterialUpdate":false,"showSkybox":true,"showFlares":true,"showImageEffects":true,"showParticleSystems":true},"in2DMode":false,"pivot":{"x":56.06940841674805,"y":40.92023468017578,"z":107.3087158203125},"rotation":{"x":-0.0671800971031189,"y":0.9171006679534912,"z":-0.35182300209999087,"w":-0.1751408725976944},"size":4.872849941253662,"orthographic":false}