{"cameraMode":{"drawMode":0,"name":"Shaded","section":"Shading Mode"},"sceneLighting":true,"audioPlay":false,"sceneViewState":{"showFog":true,"showMaterialUpdate":false,"showSkybox":true,"showFlares":true,"showImageEffects":true,"showParticleSystems":true},"in2DMode":false,"pivot":{"x":-94.01421356201172,"y":-91.50760650634766,"z":85.1461410522461},"rotation":{"x":-0.2594030499458313,"y":0.5749542117118836,"z":-0.1989251971244812,"w":-0.7501124739646912},"size":86.86165618896485,"orthographic":false}