{"cameraMode":{"drawMode":0,"name":"Shaded","section":"Shading Mode"},"sceneLighting":true,"audioPlay":false,"sceneViewState":{"showFog":true,"showMaterialUpdate":false,"showSkybox":true,"showFlares":true,"showImageEffects":true,"showParticleSystems":true},"in2DMode":false,"pivot":{"x":16.988759994506837,"y":-76.56793975830078,"z":-81.24351501464844},"rotation":{"x":0.019210129976272584,"y":-0.9280779361724854,"z":0.3688662648200989,"w":0.04821509122848511},"size":67.82183074951172,"orthographic":false}