{"cameraMode":{"drawMode":0,"name":"Shaded","section":"Shading Mode"},"sceneLighting":true,"audioPlay":false,"sceneViewState":{"showFog":true,"showMaterialUpdate":false,"showSkybox":true,"showFlares":true,"showImageEffects":true,"showParticleSystems":true},"in2DMode":false,"pivot":{"x":-314.4592590332031,"y":-487.8334045410156,"z":592.7752075195313},"rotation":{"x":-0.31899145245552065,"y":0.25600677728652956,"z":-0.08994293957948685,"w":-0.9081066846847534},"size":406.322998046875,"orthographic":false}