{"cameraMode":{"drawMode":0,"name":"Shaded","section":"Shading Mode"},"sceneLighting":false,"audioPlay":false,"sceneViewState":{"showFog":true,"showMaterialUpdate":false,"showSkybox":false,"showFlares":true,"showImageEffects":true,"showParticleSystems":true},"in2DMode":false,"pivot":{"x":326.36907958984377,"y":186.9893341064453,"z":-4.976409912109375},"rotation":{"x":0.013501232489943505,"y":0.0036007289309054615,"z":-0.00005601995508186519,"w":0.9999216794967651},"size":209.69976806640626,"orthographic":false}