{"cameraMode":{"drawMode":0,"name":"Shaded","section":"Shading Mode"},"sceneLighting":false,"audioPlay":false,"sceneViewState":{"showFog":true,"showMaterialUpdate":false,"showSkybox":true,"showFlares":true,"showImageEffects":true,"showParticleSystems":true},"in2DMode":false,"pivot":{"x":-70.02205657958985,"y":3.4809980392456056,"z":6.99709415435791},"rotation":{"x":0.00447786645963788,"y":-0.8822363615036011,"z":0.4709111154079437,"w":0.011535460129380227},"size":11.283039093017579,"orthographic":false}