{"cameraMode":{"drawMode":0,"name":"Shaded","section":"Shading Mode"},"sceneLighting":true,"audioPlay":false,"sceneViewState":{"showFog":true,"showMaterialUpdate":true,"showSkybox":true,"showFlares":true,"showImageEffects":true,"showParticleSystems":true},"in2DMode":false,"pivot":{"x":-54.05867385864258,"y":17.223234176635743,"z":225.18292236328126},"rotation":{"x":-0.14329347014427186,"y":0.8051530122756958,"z":-0.21634477376937867,"w":-0.5332838892936707},"size":15.529693603515625,"orthographic":false}