{"cameraMode":{"drawMode":0,"name":"Shaded","section":"Shading Mode"},"sceneLighting":false,"audioPlay":false,"sceneViewState":{"showFog":true,"showMaterialUpdate":false,"showSkybox":false,"showFlares":true,"showImageEffects":true,"showParticleSystems":true},"in2DMode":false,"pivot":{"x":691.301025390625,"y":336.2420349121094,"z":0.128662109375},"rotation":{"x":0.013501232489943505,"y":0.0036007289309054615,"z":-0.00005601995508186519,"w":0.9999216794967651},"size":286.9046630859375,"orthographic":false}