{"cameraMode":{"drawMode":0,"name":"Shaded","section":"Shading Mode"},"sceneLighting":true,"audioPlay":false,"sceneViewState":{"showFog":true,"showMaterialUpdate":false,"showSkybox":true,"showFlares":true,"showImageEffects":true,"showParticleSystems":true},"in2DMode":false,"pivot":{"x":24.951303482055665,"y":20.64471435546875,"z":-102.76522064208985},"rotation":{"x":0.12383715063333512,"y":-0.7043483257293701,"z":0.12902715802192689,"w":0.6871379613876343},"size":20.22369956970215,"orthographic":false}