{"cameraMode":{"drawMode":0,"name":"Shaded","section":"Shading Mode"},"sceneLighting":true,"audioPlay":false,"sceneViewState":{"showFog":true,"showMaterialUpdate":false,"showSkybox":true,"showFlares":true,"showImageEffects":true,"showParticleSystems":true},"in2DMode":false,"pivot":{"x":16.396493911743165,"y":-3.142143487930298,"z":-6.6529316902160648},"rotation":{"x":-0.05860588327050209,"y":0.9284102916717529,"z":-0.16636259853839875,"w":-0.3270549476146698},"size":10.29083251953125,"orthographic":false}