{"cameraMode":{"drawMode":0,"name":"Shaded","section":"Shading Mode"},"sceneLighting":true,"audioPlay":false,"sceneViewState":{"showFog":true,"showMaterialUpdate":false,"showSkybox":true,"showFlares":true,"showImageEffects":true,"showParticleSystems":true},"in2DMode":false,"pivot":{"x":-206.44020080566407,"y":-263.3633117675781,"z":192.4457550048828},"rotation":{"x":-0.2827855944633484,"y":0.654903769493103,"z":-0.29035133123397829,"w":-0.6378397345542908},"size":201.04742431640626,"orthographic":false}