{"cameraMode":{"drawMode":0,"name":"Shaded","section":"Shading Mode"},"sceneLighting":true,"audioPlay":false,"sceneViewState":{"showFog":true,"showMaterialUpdate":false,"showSkybox":true,"showFlares":true,"showImageEffects":true,"showParticleSystems":true},"in2DMode":false,"pivot":{"x":46.26333236694336,"y":35.23066711425781,"z":157.8829803466797},"rotation":{"x":-0.3867017328739166,"y":0.07374202460050583,"z":-0.03103630803525448,"w":-0.9187379479408264},"size":0.6728503108024597,"orthographic":false}