{"cameraMode":{"drawMode":0,"name":"Shaded","section":"Shading Mode"},"sceneLighting":true,"audioPlay":false,"sceneViewState":{"showFog":true,"showMaterialUpdate":false,"showSkybox":true,"showFlares":true,"showImageEffects":true,"showParticleSystems":true},"in2DMode":false,"pivot":{"x":-70.02205657958985,"y":3.4809980392456056,"z":6.99709415435791},"rotation":{"x":0.018690085038542749,"y":-0.9798616766929627,"z":0.14807020127773286,"w":0.13359548151493073},"size":5.752594470977783,"orthographic":false}