{"cameraMode":{"drawMode":0,"name":"Shaded","section":"Shading Mode"},"sceneLighting":true,"audioPlay":false,"sceneViewState":{"showFog":true,"showMaterialUpdate":false,"showSkybox":true,"showFlares":true,"showImageEffects":true,"showParticleSystems":true},"in2DMode":false,"pivot":{"x":-76.98180389404297,"y":0.84033203125,"z":-1.675489902496338},"rotation":{"x":-0.20566260814666749,"y":0.4067610502243042,"z":-0.09450693428516388,"w":-0.8850786089897156},"size":6.266026496887207,"orthographic":false}