{"cameraMode":{"drawMode":0,"name":"Shaded","section":"Shading Mode"},"sceneLighting":true,"audioPlay":false,"sceneViewState":{"showFog":true,"showMaterialUpdate":true,"showSkybox":true,"showFlares":true,"showImageEffects":true,"showParticleSystems":true},"in2DMode":false,"pivot":{"x":-99.2503433227539,"y":-70.18882751464844,"z":184.46337890625},"rotation":{"x":0.3465220630168915,"y":-0.18759068846702577,"z":0.07093530148267746,"w":0.9164420366287231},"size":70.90406799316406,"orthographic":false}