{"cameraMode":{"drawMode":0,"name":"Shaded","section":"Shading Mode"},"sceneLighting":true,"audioPlay":false,"sceneViewState":{"showFog":true,"showMaterialUpdate":false,"showSkybox":true,"showFlares":true,"showImageEffects":true,"showParticleSystems":true},"in2DMode":false,"pivot":{"x":32.414791107177737,"y":-35.61859893798828,"z":-12.398741722106934},"rotation":{"x":0.18288598954677583,"y":0.06833215802907944,"z":-0.011444143950939179,"w":0.9807085990905762},"size":92.7676773071289,"orthographic":false}