{"cameraMode":{"drawMode":0,"name":"Shaded","section":"Shading Mode"},"sceneLighting":false,"audioPlay":false,"sceneViewState":{"showFog":true,"showMaterialUpdate":false,"showSkybox":false,"showFlares":true,"showImageEffects":true,"showParticleSystems":true},"in2DMode":false,"pivot":{"x":14.28332805633545,"y":2.1689999103546144,"z":-3.075000047683716},"rotation":{"x":0.032069820910692218,"y":0.9648510217666626,"z":-0.21962909400463105,"w":0.14106829464435578},"size":1.7165062427520753,"orthographic":false}