{"cameraMode":{"drawMode":0,"name":"Shaded","section":"Shading Mode"},"sceneLighting":true,"audioPlay":false,"sceneViewState":{"showFog":true,"showMaterialUpdate":false,"showSkybox":true,"showFlares":true,"showImageEffects":true,"showParticleSystems":true},"in2DMode":false,"pivot":{"x":74.75862884521485,"y":-40.9244384765625,"z":21.97584342956543},"rotation":{"x":0.2407374233007431,"y":0.6061865091323853,"z":-0.19952473044395448,"w":0.7313115000724793},"size":47.15995788574219,"orthographic":false}