{"cameraMode":{"drawMode":0,"name":"Shaded","section":"Shading Mode"},"sceneLighting":false,"audioPlay":false,"sceneViewState":{"showFog":true,"showMaterialUpdate":false,"showSkybox":false,"showFlares":true,"showImageEffects":true,"showParticleSystems":true},"in2DMode":false,"pivot":{"x":39.71828842163086,"y":26.290773391723634,"z":39.5629768371582},"rotation":{"x":-0.08628693968057633,"y":-0.9121456742286682,"z":0.25391802191734316,"w":-0.3099818527698517},"size":4.931334972381592,"orthographic":false}