{"cameraMode":{"drawMode":0,"name":"Shaded","section":"Shading Mode"},"sceneLighting":true,"audioPlay":false,"sceneViewState":{"showFog":true,"showMaterialUpdate":false,"showSkybox":true,"showFlares":true,"showImageEffects":true,"showParticleSystems":true},"in2DMode":false,"pivot":{"x":12.309891700744629,"y":20.094270706176759,"z":22.44574737548828},"rotation":{"x":0.02412356436252594,"y":-0.9695966243743897,"z":0.21885822713375092,"w":0.10688929259777069},"size":13.04748821258545,"orthographic":false}