{"cameraMode":{"drawMode":0,"name":"Shaded","section":"Shading Mode"},"sceneLighting":true,"audioPlay":false,"sceneViewState":{"showFog":true,"showMaterialUpdate":false,"showSkybox":true,"showFlares":true,"showImageEffects":true,"showParticleSystems":true},"in2DMode":false,"pivot":{"x":-8.539467811584473,"y":-26.467939376831056,"z":42.06429672241211},"rotation":{"x":0.19401781260967256,"y":-0.28179699182510378,"z":0.05831087753176689,"w":0.9378620982170105},"size":41.32611083984375,"orthographic":false}