{"cameraMode":{"drawMode":0,"name":"Shaded","section":"Shading Mode"},"sceneLighting":true,"audioPlay":false,"sceneViewState":{"showFog":true,"showMaterialUpdate":false,"showSkybox":true,"showFlares":true,"showImageEffects":true,"showParticleSystems":true},"in2DMode":false,"pivot":{"x":-72.23809814453125,"y":4.6159210205078129,"z":-7.569723606109619},"rotation":{"x":-0.25807681679725649,"y":0.49314674735069277,"z":-0.15596619248390199,"w":-0.8160231113433838},"size":5.750067234039307,"orthographic":false}