{"cameraMode":{"drawMode":0,"name":"Shaded","section":"Shading Mode"},"sceneLighting":false,"audioPlay":false,"sceneViewState":{"showFog":true,"showMaterialUpdate":false,"showSkybox":true,"showFlares":true,"showImageEffects":true,"showParticleSystems":true},"in2DMode":false,"pivot":{"x":63.29646682739258,"y":45.192317962646487,"z":82.32473754882813},"rotation":{"x":-0.24946226179599763,"y":0.26595360040664675,"z":-0.07148434966802597,"w":-0.9284325838088989},"size":36.19829559326172,"orthographic":false}