{"cameraMode":{"drawMode":0,"name":"Shaded","section":"Shading Mode"},"sceneLighting":false,"audioPlay":false,"sceneViewState":{"showFog":true,"showMaterialUpdate":false,"showSkybox":false,"showFlares":true,"showImageEffects":true,"showParticleSystems":true},"in2DMode":false,"pivot":{"x":33.046451568603519,"y":-4.175968170166016,"z":15.767251014709473},"rotation":{"x":0.03335456922650337,"y":0.6946325898170471,"z":-0.03238093480467796,"w":0.7179333567619324},"size":18.015642166137697,"orthographic":false}