{"cameraMode":{"drawMode":0,"name":"Shaded","section":"Shading Mode"},"sceneLighting":false,"audioPlay":false,"sceneViewState":{"showFog":true,"showMaterialUpdate":false,"showSkybox":false,"showFlares":true,"showImageEffects":true,"showParticleSystems":true},"in2DMode":false,"pivot":{"x":-2.0340960025787355,"y":1.0302367210388184,"z":14.196335792541504},"rotation":{"x":-0.07488559931516648,"y":-0.6845499873161316,"z":0.07118839025497437,"w":-0.7216907739639282},"size":0.3505609631538391,"orthographic":false}