{"cameraMode":{"drawMode":0,"name":"Shaded","section":"Shading Mode"},"sceneLighting":true,"audioPlay":false,"sceneViewState":{"showFog":true,"showMaterialUpdate":false,"showSkybox":true,"showFlares":true,"showImageEffects":true,"showParticleSystems":true},"in2DMode":false,"pivot":{"x":82.0321273803711,"y":4.186883926391602,"z":1.3665008544921876},"rotation":{"x":-0.017114734277129175,"y":0.7450686097145081,"z":-0.018906045705080034,"w":-0.6666741371154785},"size":1.4204216003417969,"orthographic":false}