{"cameraMode":{"drawMode":0,"name":"Shaded","section":"Shading Mode"},"sceneLighting":true,"audioPlay":false,"sceneViewState":{"showFog":true,"showMaterialUpdate":false,"showSkybox":true,"showFlares":true,"showImageEffects":true,"showParticleSystems":true},"in2DMode":false,"pivot":{"x":-605.1831665039063,"y":-190.89810180664063,"z":-237.1852264404297},"rotation":{"x":0.07529831677675247,"y":-0.8090259432792664,"z":0.10614489018917084,"w":0.5733165144920349},"size":379.6730041503906,"orthographic":false}