{"cameraMode":{"drawMode":0,"name":"Shaded","section":"Shading Mode"},"sceneLighting":true,"audioPlay":false,"sceneViewState":{"showFog":true,"showMaterialUpdate":false,"showSkybox":true,"showFlares":true,"showImageEffects":true,"showParticleSystems":true},"in2DMode":false,"pivot":{"x":39.88492202758789,"y":105.2077407836914,"z":-20.655563354492189},"rotation":{"x":0.33757638931274416,"y":0.1341238170862198,"z":-0.04849395900964737,"w":0.9305070042610169},"size":0.6728499531745911,"orthographic":false}